<?xml version="1.0" encoding="UTF-8"?>
<!DOCTYPE Configure PUBLIC "-//Mort Bay Consulting//DTD Configure//EN" "http://www.eclipse.org/jetty/configure.dtd">
<Configure class="org.eclipse.jetty.webapp.WebAppContext">
 <New id="DSTix" class="org.eclipse.jetty.plus.jndi.Resource">
        <Arg></Arg>
        <Arg>jdbc/DSTix</Arg>
        <Arg>
            <New class="org.apache.commons.dbcp.BasicDataSource">
                <Set name="driverClassName">com.mysql.jdbc.Driver</Set>
                <Set name="url">jdbc:mysql://localhost:3306/rest</Set>
                <Set name="username">yourusername</Set>
                <Set name="password">yourpassword</Set>
                <Set name="validationQuery">SELECT 1</Set>
            </New>
        </Arg>
    </New>
</Configure>